{
  "controller/View7-dbg.controller.js": 1691661208613,
  "controller/View1.controller.js": 1691649145641,
  "model/models.js": 1691050633660,
  "controller/View7.controller.js": 1691661208613,
  "controller/View6.controller.js": 1691735233334,
  "manifest.json": 1691754700708,
  "controller/Singapore.controller.js": 1691733164176,
  "controller/Netherlands.controller.js": 1691754333085,
  "controller/India.controller.js": 1691734165453,
  "controller/App.controller.js": 1691050633660,
  "controller/Addemployee.controller.js": 1691585594041,
  "Component.js": 1691050633652,
  "Component-preload.js": 1691754701129,
  "controller/Netherlands-dbg.controller.js": 1691754333085,
  "i18n/i18n.properties": 1691050648704,
  "controller/View6-dbg.controller.js": 1691735233334,
  "controller/View1-dbg.controller.js": 1691649145641,
  "controller/Singapore-dbg.controller.js": 1691733164176,
  "model/models-dbg.js": 1691050633660,
  "controller/India-dbg.controller.js": 1691734165453,
  "controller/App-dbg.controller.js": 1691050633660,
  "controller/Addemployee-dbg.controller.js": 1691585594041,
  "Component-dbg.js": 1691050633652,
  "view/View7.view.xml": 1691660956987,
  "view/View6.view.xml": 1691735021049,
  "view/View1.view.xml": 1691734611024,
  "view/Singapore.view.xml": 1691732791903,
  "view/Netherlands.view.xml": 1691732466357,
  "view/India.view.xml": 1691732537629,
  "view/Edit.fragment.xml": 1691588818427,
  "view/App.view.xml": 1691050633664,
  "view/Addemployee.view.xml": 1691754448324,
  "css/style.css": 1691734781326,
  "index.html": 1691050633652
}