{
  "controller/View6.controller.js": 1692952282625,
  "controller/View7.controller.js": 1692702527368,
  "model/models.js": 1691050633660,
  "controller/list.controller.js": 1693464593046,
  "manifest.json": 1693477565254,
  "i18n/i18n.properties": 1692774206654,
  "controller/View1.controller.js": 1691649145641,
  "controller/Singapore.controller.js": 1692275586787,
  "controller/Netherlands.controller.js": 1692775864155,
  "controller/India.controller.js": 1692783951833,
  "controller/Flexiblecolumnlayout.controller.js": 1692695428464,
  "controller/Details.controller.js": 1692688463730,
  "controller/App.controller.js": 1691050633660,
  "controller/Addemployee.controller.js": 1691585594041,
  "Component.js": 1691050633652,
  "Component-preload.js": 1693477565751,
  "controller/Details-dbg.controller.js": 1692688463730,
  "controller/list-dbg.controller.js": 1693464593046,
  "controller/View7-dbg.controller.js": 1692702527368,
  "controller/View6-dbg.controller.js": 1692952282625,
  "controller/View1-dbg.controller.js": 1691649145641,
  "controller/Singapore-dbg.controller.js": 1692275586787,
  "controller/Netherlands-dbg.controller.js": 1692775864155,
  "controller/India-dbg.controller.js": 1692783951833,
  "controller/Flexiblecolumnlayout-dbg.controller.js": 1692695428464,
  "model/models-dbg.js": 1691050633660,
  "controller/App-dbg.controller.js": 1691050633660,
  "controller/Addemployee-dbg.controller.js": 1691585594041,
  "Component-dbg.js": 1691050633652,
  "view/list.view.xml": 1693463926826,
  "view/View7.view.xml": 1692700877248,
  "view/View6.view.xml": 1692952285865,
  "view/View1.view.xml": 1691734611024,
  "view/Singapore.view.xml": 1691732791903,
  "view/Netherlands.view.xml": 1692775746349,
  "view/India.view.xml": 1692789034395,
  "view/Flexiblecolumnlayout.view.xml": 1692695118348,
  "view/Edit.fragment.xml": 1692615982309,
  "view/Details.view.xml": 1692688789040,
  "view/App.view.xml": 1691050633664,
  "view/Addemployee.view.xml": 1692274240401,
  "css/style.css": 1692951701874,
  "index.html": 1691050633652
}